LoginID,FullName,LastName,FirstName,Password,Email,Telephone
T20200001,Pan Wong,Wong,Pan,dHt5U?VG,panwong@gmail.com,26090005
T20200002,Henry Poon,Poon,Henry,-6QrV}NF,henry.poon123@haley.org,27662071
T20200003,Kimmy Chin,Chin,Kimmy,%CKE98dT,kimmy2352@muller.com,25222980
T20200004,Connie Lau,Lau,Connie,8!NsW7j$,lau.34351@ortiz.com,26379139
T20200005,Peter Chou,Chou,Peter,hJ4nK_Hk,peterylchou@hotmail.com,28381205
T20200006,Sunny Tseng,Tseng,Sunny,-zujNp2!,sunny70@ratke.com,26996000
T20200007,Donald Lam,Lam,Donald,3^{M-Ht,donald.lam@@koss.com,24089533
T20200008,Charles Lam,Lam,Charles,%6gW^K&9,clam234y@swift.com,24098988
T20200009,Sam Lam,Lam,Sam,RfxYry=4,samsam34@aufderhar.info,(852)30775513
T20200010,Tiffany Wong,Wong,Tiffany,qMpA>w5/,t2wong@yahoo.com,27248602
T20200011,Bony Lam,Lam,Bony,%js[?3Yb$,bony4lam@feil.com,652319701
T20200012,Larry Wan,Wan,Larry,g[Gj>W5D,larry324w@boyer.com.net,23040150
T20200013,Crystal Lam,Lam,Crystal,UV48qRw$,crystal34@hotmail.com,85227124888
T20200014,Honey Chiu,Chiu,Honey,-*N[4c>U,honey343c@gerhold.com,23400676
T20200015,Nancy Hui,Hui,Nancy,J26mZ5a4,nancyhui234@cruickshank.com,28800722
T20200016,Aron Lam,Lam,Aron,XRb)(K8>,aron4lam@gmail.com,+(852)61311840
T20200017,Mary Yeung,Yeung,Mary,td_e4ELG,mary22@lowe.com,29541117
T20200018,Peter Tseng,Tseng,Peter,>3V*&ydg,peter_tseng@kiehn.info,23078360
T20200019,Danny Wong,Wong,Danny,VY7Z]ysq,danny.towne@hotmail.com,31523762
T20200020,Eddie Lam,Lam,Eddie,BRsc-E!64,eddiea@yahoo.com,27404797
T20200021,Freddy Chan,Chan,Freddy,%S5Hg_8E,freddy.breanna@monahan.com,27713667
T20200022,Grace Lam,Lam,Grace,(sF5/rT>,grace82@beatty.org,85224991923
T20200023,Gary Cheung,Cheung,Gary,=V{ZjU^3,gary.eliane@hoppe.com,23925071
T20200024,Hilton Lam,Lam,Hilton,!e=A2cY,gerhilton34@shields.com,23699770
T20200025,Iris Lam,Lam,Iris,Z*8+XmdD,yost@iris@yahoo.com,6810099
T20200026,Joanne Yeung,Yeung,Joanne,P^hZJHqC7,joannemurray@hotmail.com,23684687
T20200027,Robert Lau,Lau,Robert,Ceadv2(L,robert_lau_234@rau.com,+8593669988
T20200028,Parker Chui,Chui,Parker,hZW?92Fz,parker72@yahoo.com,23181349
T20200029,Tracy Chan,Chan,Tracy,2V[tB+b^,tracy.kirlin@gmail.com,24602234
T20200030,ChiuChiu Tai,Tai,ChiuChiu,U9Ev5+2[,chiuchiu234@gmail.com,22363222